District,total_journey_min,nearest_competitor_drive_min,imd_decile_mean,geo_barriers_decile,wider_barriers_decile,income_decile,avg_fsm%,pop%_most_deprived,pop%_moderately_deprived,pop%_least_deprived,Population,Authority_Name,Region_Name,Post_Town,lsoa_count,nearest_ferry_terminal,competitor_context,Visits,visits_per_1000,predicted_visit_rate,performance_gap,visits_gap_raw,visits_gap,composite_need_score,impact_score,need_tier,visit_tier,priority_zone,intervention_type,deprivation_tier,fsm_tier,visit_rate_tier,composite_need_tier,intersection_segment,performance_ratio,fragility_score,fragility_tier,fragility_alert,gap_score,need_inverse_score,population_score,accessibility_score_norm,growth_potential_score,growth_potential_tier,risk_score,risk_flags,risk_tier,safe_zone_lower_1rmse,safe_zone_upper_1rmse,safe_zone_lower_2rmse,safe_zone_upper_2rmse,safe_zone_status,needs_intervention,high_potential_flag,underperformance_confidence,sensitivity_total_journey_min_delta,sensitivity_total_journey_min_new_pred,sensitivity_total_journey_min_impact,sensitivity_geo_barriers_decile_delta,sensitivity_geo_barriers_decile_new_pred,sensitivity_geo_barriers_decile_impact,sensitivity_income_decile_delta,sensitivity_income_decile_new_pred,sensitivity_income_decile_impact,shap_narrative,shap_error
BH1,35.9,33.5,4.09,8.56473525313516,2.6701114723641433,4.914653971202973,26.348071011374117,68.24392320792693,20.068896113949528,11.687180678123548,51672.0,"Bournemouth, Christchurch and Poole",South West,Unknown,28,Poole Quay, [Kingston Lacy Estate: 25Km; Kingston Lacy: 25Km; Brownsea Island: 13Km],49.0,0.9482892088558601,2.7538791529796125,1.8055899441237524,9.05171079114414,9.05171079114414,55.67516754896108,66.12774965770517,High Need,Low Visit Rate,Urgent Action,Crisis Intervention,High Deprivation,High FSM,Low Visit Rate,High Need,High Deprivation + High FSM + Low Visit Rate,0.34434670375054055,-51.50782335789076,Severe Under-performance,False,27.081079085818025,1.5100753126755109,72.22913375920827,0,29.371583274589764,Medium,40,HighNeedLowVisits;ExtremeDeprivation,Medium Risk,2.0038791529796125,3.5038791529796125,1.2538791529796125,4.2538791529796125,Severe Underperformance,True,False,1.2037266294158349,-15.0,2.955883405288412,0.2020042523087997,2.0,1.335114329809491,-1.4187648231701215,2.0,1.5961223130301507,-1.1577568399494618,"Engagement status: Below expected | Main barriers: geographic access barriers, wider access barriers | Positive factors: Brownsea journey time, local income context",
BH10,36.1,23.3,5.36,6.409396160169421,3.804135202162343,5.0027029286371105,21.102021370383635,41.74213503497088,35.14921837991473,23.108646585114386,35887.0,"Bournemouth, Christchurch and Poole",South West,Unknown,21,Poole Quay, [Kingston Lacy Estate: 17Km; Kingston Lacy: 17Km; White Mill: 18Km; Brownsea Island: 13Km],103.0,2.8701200992002676,3.555326902606422,0.6852068034061545,7.129879900799732,7.129879900799732,35.550100935594706,46.27471035731549,High Need,Low Visit Rate,Urgent Action,Crisis Intervention,High Deprivation,Medium FSM,Low Visit Rate,High Need,High Deprivation + Medium FSM + Low Visit Rate,0.8072731925427653,13.68319726847913,Moderate Over-performance,False,10.277050829604544,37.11151815224591,50.16424607556718,0,30.097563669509352,Medium,0,,Minimal Risk,2.805326902606422,4.3053269026064225,2.055326902606422,5.0553269026064225,Within Safe Zone,False,False,0.456804535604103,-15.0,5.256759687354086,1.7014327847476642,2.0,2.694217599141988,-0.8611093034644339,2.0,3.1348662717633657,-0.4204606308430563,"Engagement status: Below expected | Main barriers: geographic access barriers, wider access barriers | Positive factors: Brownsea journey time, local income context",
BH11,31.8,19.1,4.05,5.240572895721843,3.834565533455007,4.131097843907569,30.699497106875427,65.48086738639527,21.78983512234355,12.729297491261175,32327.0,"Bournemouth, Christchurch and Poole",South West,Unknown,20,Poole Quay, [Kingston Lacy Estate: 15Km; Kingston Lacy: 15Km; White Mill: 17Km; Badbury Rings: 17Km; Brownsea Island: 13Km],131.0,4.05234014910137,4.24079297325442,0.18845282415304965,5.94765985089863,5.94765985089863,55.04645630253932,56.37549896447341,High Need,Medium Visit Rate,Monitor,Sustain & Optimize,High Deprivation,High FSM,Medium Visit Rate,High Need,High Deprivation + High FSM + Medium Visit Rate,0.9555618901131055,34.56576021532414,Significant Over-performance,False,2.8265032442408797,2.6222717556534008,45.187939445617076,0,3.8643082657237158,Low,10,ExtremeDeprivation,Minimal Risk,3.49079297325442,4.99079297325442,2.74079297325442,5.74079297325442,Within Safe Zone,False,False,0.1256352161020331,-15.0,6.579554203685795,2.338761230431375,2.0,3.58946227220698,-0.6513307010474398,2.0,3.842094795076497,-0.3986981781779231,"Engagement status: In line with expected | Main barriers: geographic access barriers, wider access barriers | Positive factors: Brownsea journey time, local income context",
BH12,29.7,25.5,5.77,6.427671299040593,4.887988759358054,5.065885090781356,24.51954829853529,39.31809699444554,33.68460339414696,26.997299611407495,45549.0,"Bournemouth, Christchurch and Poole",South West,Unknown,27,Poole Quay, [Kingston Lacy Estate: 22Km; Kingston Lacy: 22Km; The Bakehouse: 28Km; Brownsea Island: 9Km],311.0,6.8278118070649185,4.161511244241667,-2.6663005628232517,3.1721881929350815,3.1721881929350815,34.878532385672464,33.93153724877597,High Need,Medium Visit Rate,Monitor,Sustain & Optimize,High Deprivation,Medium FSM,Medium Visit Rate,High Need,High Deprivation + Medium FSM + Medium Visit Rate,1.640704880111196,131.05013057293684,Extreme Over-performance,True,-39.99041789270659,38.29952959102696,63.670165923482294,0,2.7617382124768,Low,40,UnderperformingPrediction;FragileOverperformance,Medium Risk,3.411511244241667,4.911511244241667,2.661511244241667,5.661511244241667,Severe Overperformance,False,True,0.0,-15.0,7.198224764593209,3.036713520351542,2.0,4.401149454792299,0.23963821055063228,2.0,4.935363799996752,0.7738525557550853,"Engagement status: Above expected | Main barriers: geographic access barriers, wider access barriers | Positive factors: Brownsea journey time, local income context [Less typical visitor pattern]",
BH13,30.4,30.8,8.12,3.736308451737709,6.438129544393303,8.620038689880595,14.813333333333334,9.10546327796678,33.766926822760325,57.127609899272905,14991.0,"Bournemouth, Christchurch and Poole",South West,Unknown,9,Poole Quay, [Kingston Lacy Estate: 24Km; Corfe Castle: 28Km; The Bakehouse: 30Km; Brownsea Island: 10Km],114.0,7.604562737642586,5.9850307933427125,-1.6195319442998732,2.3954372623574143,2.3954372623574143,10.817824294576745,14.758788793275965,Low Need,High Visit Rate,Maintain,Model District,Low Deprivation,Low FSM,High Visit Rate,Low Need,Low Deprivation + Low FSM + High Visit Rate,1.2705970946885212,4.491958529927786,Stable,False,-24.290494532454872,80.86316131663884,20.9550035644893,0,21.04268883121407,Low,0,,Minimal Risk,5.2350307933427125,6.7350307933427125,4.4850307933427125,7.4850307933427125,Severe Overperformance,False,True,0.0,-15.0,9.373506781232441,3.388475987889729,2.0,5.9022546068933766,-0.08277618644933593,2.0,6.383180085460121,0.39814929211740857,"Engagement status: Above expected | Main barriers: local income context, drive time to nearest NT site [Kingston Lacy Estate: 24Km; Corfe Castle: 28Km; The Bakehouse: 30Km; Brownsea Island: 10Km] | Positive factors: Brownsea journey time, deprivation level",
BH14,26.1,26.4,7.52,6.097613882863341,5.643627982646421,6.867380694143167,13.340000000000002,9.894251626898047,41.02765726681128,49.07809110629067,36880.0,"Bournemouth, Christchurch and Poole",South West,Unknown,20,Poole Quay, [Kingston Lacy Estate: 21Km; Kingston Lacy: 21Km; The Bakehouse: 27Km; Brownsea Island: 7Km],358.0,9.707158351409978,5.894002384156262,-3.8131559672537163,0.2928416485900218,0.2928416485900218,10.927976138828633,8.528108242950108,Low Need,High Visit Rate,Maintain,Model District,Low Deprivation,Low FSM,High Visit Rate,Low Need,Low Deprivation + Low FSM + High Visit Rate,1.6469552807620007,35.44307917705116,Significant Over-performance,False,-57.19148949174655,80.66830160948128,51.55230014397741,0,10.785479171695945,Low,25,UnderperformingPrediction,Low Risk,5.144002384156262,6.644002384156262,4.394002384156262,7.394002384156262,Severe Overperformance,False,True,0.0,-15.0,8.90988987865988,3.0158874945036187,2.0,5.817239563885393,-0.07676282027086856,2.0,6.405342995227166,0.5113406110709038,"Engagement status: Above expected | Main barriers: geographic access barriers, drive time to nearest NT site [Kingston Lacy Estate: 21Km; Kingston Lacy: 21Km; The Bakehouse: 27Km; Brownsea Island: 7Km] | Positive factors: Brownsea journey time, deprivation level",
BH15,19.1,18.8,5.76,6.3475342926870315,5.754944037700917,5.230665656820668,24.643471855760776,29.245560885298328,47.95085416140705,22.803584953294624,47532.0,"Bournemouth, Christchurch and Poole",South West,Unknown,29,Poole Quay, [Kingston Lacy Estate: 18Km; Kingston Lacy: 18Km; Brownsea Island: 4Km],457.0,9.61457544391147,6.000942881459093,-3.613632562452377,0.3854245560885303,0.3854245560885303,27.86493417643706,20.66172759177153,High Need,High Visit Rate,Maintain,Model District,Moderate Deprivation,Medium FSM,High Visit Rate,High Need,Moderate Deprivation + Medium FSM + High Visit Rate,1.6021774634145067,86.36161322516047,Extreme Over-performance,True,-54.19894452189795,50.70665452347162,66.44208054347978,0,1.4519981772901136,Low,40,UnderperformingPrediction;FragileOverperformance,Medium Risk,5.250942881459093,6.750942881459093,4.500942881459093,7.500942881459093,Severe Overperformance,False,True,0.0,-15.0,10.149178668791487,4.1482357873323945,2.0,6.457116622541684,0.45617374108259146,2.0,7.200106030525162,1.1991631490660692,"Engagement status: Above expected | Main barriers: geographic access barriers, wider access barriers | Positive factors: Brownsea journey time, local income context [Less typical visitor pattern]",
BH16,27.3,11.5,5.51,2.601034833225538,7.557470202346854,5.5433798392312665,17.50197111925495,34.297329760694815,31.15125196341125,34.55141827589393,21646.0,Dorset,South West,Unknown,13,Poole Quay, [White Mill: 10Km; Kingston Lacy Estate: 14Km; Kingston Lacy: 14Km; The Bakehouse: 20Km; Brownsea Island: 8Km],195.0,9.008592811604917,11.255023128489492,2.2464303168845756,0.9914071883950832,0.9914071883950832,29.258722168262853,23.455327082969248,High Need,High Visit Rate,Maintain,Model District,Moderate Deprivation,Medium FSM,High Visit Rate,High Need,Moderate Deprivation + Medium FSM + High Visit Rate,0.8004064237595162,-6.898557885273615,Stable,False,33.693008354592855,48.24102971463202,30.25762171682579,0,44.30162393637001,Medium,0,,Minimal Risk,10.505023128489492,12.005023128489492,9.755023128489492,12.755023128489492,Severe Underperformance,True,False,1.4976202112563837,-15.0,12.784575432110595,1.5295523036211023,2.0,7.924895547578299,-3.330127580911193,2.0,8.67109368341562,-2.5839294450738723,"Engagement status: Below expected | Main barriers: deprivation level, high deprivation | Positive factors: Brownsea journey time, geographic access barriers",
BH17,26.5,15.7,6.71,4.987369901547117,5.854964838255977,5.999324894514768,17.439159346718203,27.30801687763713,22.78199718706048,49.909985935302394,35550.0,"Bournemouth, Christchurch and Poole",South West,Unknown,23,Poole Quay, [Kingston Lacy Estate: 13Km; Kingston Lacy: 13Km; White Mill: 14Km; The Bakehouse: 24Km; Brownsea Island: 8Km],266.0,7.482419127988749,6.580696646716405,-0.9017224812723432,2.5175808720112514,2.5175808720112514,24.347359618361452,24.59589434888677,Medium Need,High Visit Rate,Maintain,Model District,Low Deprivation,Medium FSM,High Visit Rate,Medium Need,Low Deprivation + Medium FSM + High Visit Rate,1.137025383432965,-6.492774373706434,Stable,False,-13.524453826445718,56.92927887394616,49.69317435245111,0,25.434886859278947,Medium,0,,Minimal Risk,5.830696646716405,7.330696646716405,5.080696646716405,8.080696646716405,Moderate Overperformance,False,False,0.0,-15.0,9.769237089252831,3.188540442536426,2.0,6.119067992056262,-0.46162865466014313,2.0,6.679713463904108,0.09901681718770217,"Engagement status: Above expected | Main barriers: geographic access barriers, wider access barriers | Positive factors: Brownsea journey time, drive time to nearest NT site [Kingston Lacy Estate: 13Km; Kingston Lacy: 13Km; White Mill: 14Km; The Bakehouse: 24Km; Brownsea Island: 8Km]",
BH18,31.1,16.2,8.2,3.9032454361054767,7.451277890466532,7.7647870182555785,14.692857142857145,21.07505070993915,6.040567951318458,72.8843813387424,24650.0,"Bournemouth, Christchurch and Poole",South West,Unknown,16,Poole Quay, [White Mill: 11Km; Kingston Lacy Estate: 11Km; Kingston Lacy: 11Km; Badbury Rings: 14Km; The Bakehouse: 25Km; Brownsea Island: 10Km],221.0,8.96551724137931,7.373104028820529,-1.5924132125587809,1.0344827586206904,1.0344827586206904,19.160392639814546,16.51572312373225,Medium Need,High Visit Rate,Maintain,Model District,Low Deprivation,Low FSM,High Visit Rate,Medium Need,Low Deprivation + Low FSM + High Visit Rate,1.215975958881665,0.0,Stable,False,-23.883755160994752,66.10507500645832,34.45672989558143,0,18.06252920155331,Low,0,,Minimal Risk,6.623104028820529,8.123104028820528,5.873104028820529,8.873104028820528,Severe Overperformance,False,True,0.0,-15.0,10.535260182163245,3.1621561533427167,2.0,6.685913469664061,-0.687190559156468,2.0,7.221864813594659,-0.15123921522586947,"Engagement status: Above expected | Main barriers: local income context | Positive factors: Brownsea journey time, deprivation level",
BH19,12.5,4.4,5.75,2.3708133971291865,5.955263157894737,5.882775119617225,19.187981220657274,9.465709728867623,90.53429027113238,0.0,12540.0,Dorset,South West,Unknown,9,Sandbanks Jetty," [Agglestone Rock: 4Km; Studland Bay: 5Km; Spyway sea saunter, Spyway: 5Km; National Trust - Purbeck: 6Km; Spyway Dinosaur Footprints: 6Km; Brownsea Island: 9Km]",92.0,7.33652312599681,14.00387171429333,6.66734858829652,2.66347687400319,2.66347687400319,12.382391176404518,16.658104445492732,Low Need,High Visit Rate,Maintain,Model District,Moderate Deprivation,Medium FSM,High Visit Rate,Low Need,Moderate Deprivation + Medium FSM + High Visit Rate,0.5238924831415473,-39.0620261835909,Severe Under-performance,False,100.0,78.09542695420538,17.528900320105116,0,100.0,Very High,0,,Minimal Risk,13.25387171429333,14.75387171429333,12.50387171429333,15.50387171429333,Severe Underperformance,True,False,3.0,-15.0,16.70592987686163,2.702058162568301,2.0,10.057635196106139,-3.9462365181871917,2.0,11.086150724925105,-2.9177209893682257,"Engagement status: Below expected | Main barriers: deprivation level, wider access barriers | Positive factors: Brownsea journey time, geographic access barriers",
BH2,34.6,31.2,4.71,7.787181512936994,2.67973533478175,4.991704523010073,4.18,41.6205806833893,49.298834682994276,9.080584633616432,20252.0,"Bournemouth, Christchurch and Poole",South West,Unknown,12,Poole Quay, [Kingston Lacy Estate: 26Km; Kingston Lacy: 26Km; The Bakehouse: 32Km; Brownsea Island: 13Km],25.0,1.234445980643887,3.1052924470155876,1.8708464663717006,8.765554019356113,8.765554019356113,30.38840647837251,47.568546592929096,High Need,Low Visit Rate,Urgent Action,Crisis Intervention,High Deprivation,Low FSM,Low Visit Rate,High Need,High Deprivation + Low FSM + Low Visit Rate,0.3975297018579617,-44.0183968279062,Severe Under-performance,False,28.05982680515125,46.242606943379336,28.309034233075664,0,38.73356218957179,Medium,30,HighNeedLowVisits,Medium Risk,2.3552924470155876,3.8552924470155876,1.6052924470155876,4.605292447015588,Severe Underperformance,True,False,1.2472309775811337,-15.0,3.7676718495268346,0.662379402511247,2.0,1.824656880212262,-1.2806355668033256,2.0,2.1176983805688883,-0.9875940664466993,"Engagement status: Below expected | Main barriers: geographic access barriers, wider access barriers | Positive factors: Brownsea journey time, local income context",
BH20,35.2,18.4,5.8,1.5158599945310363,7.516406890894175,6.241557287394039,17.166593608237516,5.004101722723544,84.1878589007383,10.808039376538146,29256.0,Dorset,South West,Unknown,18,Sandbanks Jetty, [Corfe Castle: 14Km; Clouds Hill: 15Km; The Bakehouse: 16Km; White Mill: 22Km; Agglestone Rock: 23Km; Brownsea Island: 28Km],240.0,8.203445447087777,8.866863719267927,0.6634182721801505,1.796554552912223,1.796554552912223,8.652849288377734,11.446658160601086,Low Need,High Visit Rate,Maintain,Model District,Moderate Deprivation,Medium FSM,High Visit Rate,Low Need,Moderate Deprivation + Medium FSM + High Visit Rate,0.9251800531524438,7.61482492818093,Stable,False,9.950256288454403,84.69302361786974,40.895176057814616,0,53.2401851754785,High,0,,Minimal Risk,8.116863719267927,9.616863719267927,7.366863719267927,10.366863719267927,Within Safe Zone,False,False,0.4422788481201003,-15.0,12.019094256979443,3.1522305377115156,2.0,6.908932662966862,-1.9579310563010655,2.0,7.512459709899318,-1.3544040093686096,"Engagement status: In line with expected | Main barriers: deprivation level, lower deprivation | Positive factors: Brownsea journey time, geographic access barriers",
BH21,37.7,9.6,7.8,2.2729000964508868,7.37217461804051,7.7635275863515005,12.28693288182353,12.131844168914856,25.33303512769259,62.53512070339256,71539.0,Dorset,South West,Unknown,45,Poole Quay, [Kingston Lacy Estate: 7Km; Kingston Lacy: 7Km; Badbury Rings: 9Km; White Mill: 9Km; The Bakehouse: 37Km; Brownsea Island: 17Km],642.0,8.97412600120214,6.208684516026804,-2.7654414851753364,1.0258739987978593,1.0258739987978593,12.178370782787457,11.6024815443448,Low Need,High Visit Rate,Maintain,Model District,Low Deprivation,Low FSM,High Visit Rate,Low Need,Low Deprivation + Low FSM + High Visit Rate,1.4454150437241184,18.86871883992418,Moderate Over-performance,False,-41.47737962928222,78.45634105804443,100.0,0,38.10224256296769,Medium,25,UnderperformingPrediction,Low Risk,5.458684516026804,6.958684516026804,4.708684516026804,7.708684516026804,Severe Overperformance,False,True,0.0,-15.0,10.723609670750724,4.51492515472392,2.0,6.620073266901199,0.4113887508743943,2.0,7.209602821099047,1.0009183050722426,"Engagement status: Above expected | Main barriers: local income context | Positive factors: Brownsea journey time, geographic access barriers",
BH22,40.3,16.5,7.36,2.8472815725461835,6.311485109460259,7.467917954112155,20.63939180387159,10.679771218197358,41.15442771678391,48.16580106501874,30422.0,Dorset,South West,Unknown,20,Poole Quay, [Kingston Lacy Estate: 15Km; Kingston Lacy: 15Km; Badbury Rings: 17Km; White Mill: 17Km; Brownsea Island: 21Km],217.0,7.132995858260469,5.033280718343913,-2.0997151399165563,2.867004141739531,2.867004141739531,13.667657393899628,18.16837260094833,Low Need,High Visit Rate,Maintain,Model District,Low Deprivation,Medium FSM,High Visit Rate,Low Need,Low Deprivation + Medium FSM + High Visit Rate,1.4171663090961912,16.54558618079598,Moderate Over-performance,False,-31.49250578561732,75.82177824263329,42.525056263017376,0,21.570921620731074,Low,25,UnderperformingPrediction,Low Risk,4.283280718343913,5.783280718343913,3.5332807183439128,6.533280718343913,Severe Overperformance,False,True,0.0,-15.0,8.901658148755642,3.868377430411729,2.0,5.2439965510576165,0.21071583271370375,2.0,5.7022893829401395,0.6690086645962268,"Engagement status: Above expected | Main barriers: local income context | Positive factors: Brownsea journey time, geographic access barriers",
BH23,52.1,36.7,7.05,3.602276481860834,5.35163219454173,6.719470693187074,18.529569376341115,17.95083592149607,39.24535782726492,42.80380625123901,60532.0,"Bournemouth, Christchurch and Poole",South West,Unknown,38,Poole Quay, [Kingston Lacy Estate: 28Km; Kingston Lacy: 28Km; The Bakehouse: 52Km; Brownsea Island: 24Km],266.0,4.394369920042292,2.771285144913957,-1.6230847751283353,5.605630079957708,5.605630079957708,18.124455957949582,29.504009410437828,Medium Need,Medium Visit Rate,Monitor,Sustain & Optimize,Low Deprivation,Medium FSM,Medium Visit Rate,Medium Need,Low Deprivation + Medium FSM + Medium Visit Rate,1.5856794556515146,30.40384919368524,Significant Over-performance,False,-24.34378154424691,67.93765729169334,84.61398677644361,0,37.65834002738495,Medium,0,,Minimal Risk,2.021285144913957,3.521285144913957,1.271285144913957,4.271285144913957,Severe Overperformance,False,True,0.0,-15.0,5.301656315113533,2.530371170199576,2.0,2.9155380890720615,0.1442529441581044,2.0,3.189537327180877,0.41825218226692007,"Engagement status: Above expected | Main barriers: drive time to nearest NT site [Kingston Lacy Estate: 28Km; Kingston Lacy: 28Km; The Bakehouse: 52Km; Brownsea Island: 24Km], wider access barriers | Positive factors: geographic access barriers, deprivation level",
BH24,50.3,25.9,7.56,2.225541928123217,7.90498431260696,7.319737592698232,15.66157671816284,0.0,50.581146605818596,49.418853394181404,28048.0,New Forest,South East,Unknown,17,Poole Quay, [Kingston Lacy Estate: 25Km; Kingston Lacy: 25Km; Badbury Rings: 27Km; White Mill: 27Km; Foxbury: 28Km; Brownsea Island: 30Km],115.0,4.100114090131204,5.147504783864804,1.0473906937335995,5.899885909868796,5.899885909868796,4.698473015448852,20.988588840420583,Low Need,Medium Visit Rate,Monitor,Sustain & Optimize,Low Deprivation,Medium FSM,Medium Visit Rate,Low Need,Low Deprivation + Medium FSM + Medium Visit Rate,0.7965245807994749,-34.49503873974287,Severe Under-performance,False,15.709253534037934,91.68835454280337,39.206586617089975,0,60.342165586857334,High,0,,Minimal Risk,4.397504783864804,5.897504783864804,3.647504783864804,6.647504783864804,Moderate Underperformance,False,False,0.6982604624890664,-15.0,7.224720739216951,2.0772159553521474,2.0,3.873803866194382,-1.2737009176704217,2.0,4.272550540689797,-0.874954243175007,"Engagement status: Below expected | Main barriers: local income context, drive time to nearest NT site [Kingston Lacy Estate: 25Km; Kingston Lacy: 25Km; Badbury Rings: 27Km; White Mill: 27Km; Foxbury: 28Km; Brownsea Island: 30Km] | Positive factors: geographic access barriers, wider access barriers",
BH25,60.9,29.8,7.22,3.5863701949757667,8.587665100447667,7.187391320433608,18.773718052192628,15.57956269192349,31.16652484368641,53.2539124643901,27029.0,New Forest,South East,Unknown,17,Poole Quay, [Foxbury: 32Km; Blackhill Common: 33Km; Kingston Lacy Estate: 41Km; Brownsea Island: 31Km],75.0,2.7747974397868957,3.5990007154396846,0.8242032756527888,7.225202560213104,7.225202560213104,16.53780930000423,33.252074190642276,Medium Need,Low Visit Rate,High Priority,Targeted Support,Low Deprivation,Medium FSM,Low Visit Rate,Medium Need,Low Deprivation + Medium FSM + Low Visit Rate,0.7709910775741268,-36.59487492802008,Severe Under-performance,False,12.36178466953937,70.74445099750498,37.78218873621381,0,45.78728552481716,Medium,0,,Minimal Risk,2.8490007154396846,4.349000715439685,2.0990007154396846,5.099000715439685,Moderate Underperformance,False,False,0.5494688504351926,-15.0,4.859394725605313,1.2603940101656281,2.0,2.4129761084761694,-1.1860246069635152,2.0,2.67902212241165,-0.9199785930280346,"Engagement status: Below expected | Main barriers: Brownsea journey time, drive time to nearest NT site [Foxbury: 32Km; Blackhill Common: 33Km; Kingston Lacy Estate: 41Km; Brownsea Island: 31Km] | Positive factors: wider access barriers, geographic access barriers",
BH3,34.4,29.8,6.38,7.565952120168988,3.3923486152401816,6.262400250352058,14.270000000000001,15.21671099984353,42.168674698795186,42.614614301361286,12782.0,"Bournemouth, Christchurch and Poole",South West,Unknown,7,Poole Quay, [Kingston Lacy Estate: 20Km; Kingston Lacy: 20Km; The Bakehouse: 32Km; Brownsea Island: 13Km],32.0,2.5035205758097323,3.6824448353341026,1.1789242595243703,7.496479424190268,7.496479424190268,14.93269769989047,32.94232666249413,Low Need,Low Visit Rate,Growth Opportunity,Growth & Awareness,Low Deprivation,Low FSM,Low Visit Rate,Low Need,Low Deprivation + Low FSM + Low Visit Rate,0.6798528390127511,-44.08994404478088,Severe Under-performance,False,17.682055226477676,73.58390936951494,17.867177343826445,0,43.40072702358716,Medium,0,,Minimal Risk,2.9324448353341026,4.432444835334103,2.1824448353341026,5.182444835334103,Moderate Underperformance,False,False,0.7859495063495802,-15.0,4.562059941650182,0.8796151063160798,2.0,2.405058827251786,-1.2773860080823165,2.0,2.6768391886485277,-1.005605646685575,"Engagement status: Below expected | Main barriers: geographic access barriers, wider access barriers | Positive factors: Brownsea journey time, deprivation level",
BH31,51.3,23.5,7.66,1.6517871496704357,8.066234392583462,7.874872729221371,9.004156105052333,19.3130057338835,12.175124591393816,68.51186967472267,18661.0,Dorset,South West,Unknown,12,Poole Quay, [Kingston Lacy Estate: 19Km; Kingston Lacy: 19Km; Badbury Rings: 21Km; White Mill: 21Km; Fontmell and Melbury Downs SAC: 29Km; Brownsea Island: 29Km],109.0,5.841058892878196,5.201508419449496,-0.6395504734286996,4.158941107121804,4.158941107121804,16.220350845234147,23.831068913029316,Medium Need,Medium Visit Rate,Monitor,Sustain & Optimize,Low Deprivation,Low FSM,Medium Visit Rate,Medium Need,Low Deprivation + Low FSM + Medium Visit Rate,1.122954808846851,-7.649916871741902,Stable,False,-9.592275924365643,71.30603815885773,26.08507247794909,0,27.254644761864633,Medium,0,,Minimal Risk,4.451508419449496,5.951508419449496,3.701508419449496,6.701508419449496,Within Safe Zone,False,False,0.0,-15.0,7.808414402154436,2.60690598270494,2.0,4.30436427343301,-0.897144146016486,2.0,4.714084543902568,-0.487423875546928,"Engagement status: Above expected | Main barriers: local income context, drive time to nearest NT site [Kingston Lacy Estate: 19Km; Kingston Lacy: 19Km; Badbury Rings: 21Km; White Mill: 21Km; Fontmell and Melbury Downs SAC: 29Km; Brownsea Island: 29Km] | Positive factors: geographic access barriers, wider access barriers",
BH4,31.1,31.3,6.5,6.202721000709266,3.702688761364369,6.185182797085563,0.0,19.61441743503772,41.51782835772777,38.86775420723451,15509.0,"Bournemouth, Christchurch and Poole",South West,Unknown,10,Poole Quay, [Kingston Lacy Estate: 26Km; Kingston Lacy: 26Km; The Bakehouse: 32Km; Brownsea Island: 10Km],85.0,5.48068863240699,4.357505472089507,-1.1231831603174829,4.51931136759301,4.51931136759301,13.730092204526402,23.16899864594751,Low Need,Medium Visit Rate,Monitor,Sustain & Optimize,Low Deprivation,Low FSM,Medium Visit Rate,Low Need,Low Deprivation + Low FSM + Medium Visit Rate,1.2577582902675954,3.4361149232224664,Stable,False,-16.846024254514813,75.71133044216478,21.67908413592586,0,23.30844294618247,Low,0,,Minimal Risk,3.607505472089507,5.107505472089507,2.857505472089507,5.857505472089507,Moderate Overperformance,False,False,0.0,-15.0,6.32340831363562,1.9659028415461135,2.0,3.763354168204549,-0.5941513038849577,2.0,4.218586856831247,-0.13891861525825977,"Engagement status: Above expected | Main barriers: geographic access barriers, wider access barriers | Positive factors: Brownsea journey time, FSM and poverty context",
BH5,38.1,34.5,4.04,7.900657734470158,2.670353227771011,4.224847746650426,12.805,53.676004872107185,37.028014616321556,9.295980511571255,20525.0,"Bournemouth, Christchurch and Poole",South West,Unknown,12,Poole Quay, [Kingston Lacy Estate: 25Km; Kingston Lacy: 25Km; Brownsea Island: 14Km],52.0,2.533495736906212,2.7693170737856008,0.2358213368793889,7.466504263093788,7.466504263093788,41.41470341047503,51.389805176613876,High Need,Low Visit Rate,Urgent Action,Crisis Intervention,High Deprivation,Low FSM,Low Visit Rate,High Need,High Deprivation + Low FSM + Low Visit Rate,0.9148449489183895,28.831849934681753,Significant Over-performance,False,3.536958263939223,26.736978092458727,28.690644263967908,0,11.731828976662333,Low,10,ExtremeDeprivation,Minimal Risk,2.0193170737856008,3.5193170737856008,1.2693170737856008,4.269317073785601,Within Safe Zone,False,False,0.15721422458625925,-15.0,3.638939749736792,0.8696226759511911,2.0,1.8179370271808788,-0.951380046604722,2.0,1.9500973817290645,-0.8192196920565362,"Engagement status: In line with expected | Main barriers: geographic access barriers, wider access barriers | Positive factors: Brownsea journey time, local income context",
BH6,42.8,36.9,6.49,6.946594057514092,3.9561160472596413,6.279672621891023,13.764,20.951562052163943,42.976338333174105,36.07209961466195,31401.0,"Bournemouth, Christchurch and Poole",South West,Unknown,19,Poole Quay, [Kingston Lacy Estate: 34Km; Kingston Lacy: 34Km; Brownsea Island: 17Km],130.0,4.1399955415432625,2.7753846546828194,-1.3646108868604432,5.8600044584567375,5.8600044584567375,18.795293436514758,30.736718780930538,Medium Need,Medium Visit Rate,Monitor,Sustain & Optimize,Low Deprivation,Low FSM,Medium Visit Rate,Medium Need,Low Deprivation + Low FSM + Medium Visit Rate,1.4916835165741722,22.6737671644492,Moderate Over-performance,False,-20.467069762271056,66.75093912540824,43.89354058625366,0,24.225041370255575,Low,0,,Minimal Risk,2.0253846546828194,3.5253846546828194,1.2753846546828194,4.275384654682819,Moderate Overperformance,False,False,0.0,-15.0,4.56072023897488,1.7853355842920604,2.0,2.434872940432975,-0.3405117142498444,2.0,2.767544421184174,-0.007840233498645155,"Engagement status: Above expected | Main barriers: geographic access barriers, wider access barriers | Positive factors: Brownsea journey time, deprivation level",
BH7,39.6,34.2,5.38,7.229038510154209,4.141569057048959,5.507752591219348,20.43270921364894,49.80618521951631,22.43195415859105,27.76186062189264,23734.0,"Bournemouth, Christchurch and Poole",South West,Unknown,13,Poole Quay, [Kingston Lacy Estate: 25Km; Kingston Lacy: 25Km; Brownsea Island: 16Km],60.0,2.5280188758742734,3.3720602129132877,0.8440413370390143,7.471981124125726,7.471981124125726,40.994142417756095,51.11184306480644,High Need,Low Visit Rate,Urgent Action,Crisis Intervention,High Deprivation,Medium FSM,Low Visit Rate,High Need,High Deprivation + Medium FSM + Low Visit Rate,0.7496956508051777,5.574914848037538,Stable,False,12.659325155438788,27.480954668063788,33.176309425627984,0,19.842961347245932,Low,0,,Minimal Risk,2.6220602129132877,4.122060212913288,1.8720602129132877,4.872060212913288,Moderate Underperformance,False,False,0.5626942246926762,-15.0,4.214508484485969,0.8424482715726813,2.0,2.125031874245224,-1.2470283386680636,2.0,2.432914933444961,-0.9391452794683266,"Engagement status: Below expected | Main barriers: geographic access barriers, wider access barriers | Positive factors: Brownsea journey time, local income context",
BH8,39.3,29.9,4.98,7.717479860438778,3.014431068812451,5.095464260270719,17.386135236086254,46.632446157499594,44.63401713461082,8.733536707889593,54743.0,"Bournemouth, Christchurch and Poole",South West,Unknown,28,Poole Quay, [Kingston Lacy Estate: 22Km; Kingston Lacy: 22Km; The Bakehouse: 34Km; Brownsea Island: 16Km],88.0,1.6075114626527593,2.9313314169259344,1.323819954273175,8.39248853734724,8.39248853734724,37.85855288107559,51.67845262879463,High Need,Low Visit Rate,Urgent Action,Crisis Intervention,High Deprivation,Medium FSM,Low Visit Rate,High Need,High Deprivation + Medium FSM + Low Visit Rate,0.5483895315864846,-22.77375753931952,Under-performing,False,19.8552683535541,33.027843719568565,76.52189714701072,0,44.01143573860616,Medium,30,HighNeedLowVisits,Medium Risk,2.1813314169259344,3.6813314169259344,1.4313314169259344,4.431331416925934,Moderate Underperformance,False,False,0.8825466361821167,-15.0,3.4581389810720604,0.5268075641461261,2.0,1.6762293911828932,-1.2551020257430412,2.0,1.9538083421522006,-0.9775230747737338,"Engagement status: Below expected | Main barriers: geographic access barriers, wider access barriers | Positive factors: Brownsea journey time, local income context",
BH9,37.0,24.4,6.55,7.356935771632471,3.6916815343443354,5.736306868867083,20.450631035011277,17.81891168599465,43.58385370205174,38.59723461195361,44840.0,"Bournemouth, Christchurch and Poole",South West,Unknown,25,Poole Quay, [Kingston Lacy Estate: 20Km; Kingston Lacy: 20Km; White Mill: 22Km; Brownsea Island: 14Km],154.0,3.434433541480821,3.770182621017394,0.3357490795365732,6.565566458519179,6.565566458519179,18.608427490699636,32.72259861904728,Medium Need,Low Visit Rate,High Priority,Targeted Support,Low Deprivation,Medium FSM,Low Visit Rate,Medium Need,Low Deprivation + Medium FSM + Low Visit Rate,0.9109462025354171,-25.085179860528186,Severe Under-performance,False,5.035721097977804,67.08150684060679,62.679098114315266,0,48.26280622803586,Medium,0,,Minimal Risk,3.020182621017394,4.520182621017394,2.270182621017394,5.270182621017394,Within Safe Zone,False,False,0.2238327196910488,-15.0,4.996177043137628,1.225994422120234,2.0,2.650957430514199,-1.1192251905031951,2.0,2.9898944397763034,-0.7802881812410907,"Engagement status: In line with expected | Main barriers: geographic access barriers, wider access barriers | Positive factors: Brownsea journey time, local income context",
DT1,43.1,14.2,6.59,4.935365853658537,6.459717987804878,6.3645960365853655,15.663507626365947,16.989329268292682,51.43292682926829,31.577743902439025,26240.0,Dorset,South West,Unknown,16,Sandbanks Jetty, [Cerne Abbas Giant: 14Km; Clouds Hill: 19Km; Eggardon Hill Fort: 23Km; Hod Hill: 35Km; The Bakehouse: 37Km; Brownsea Island: 50Km],108.0,4.115853658536586,3.616747792514795,-0.49910586602179086,5.884146341463414,5.884146341463414,16.59158277571466,29.266546967390504,Medium Need,Medium Visit Rate,Monitor,Sustain & Optimize,Moderate Deprivation,Medium FSM,Medium Visit Rate,Medium Need,Moderate Deprivation + Medium FSM + Medium Visit Rate,1.1379985264813703,32.3693823472885,Significant Over-performance,False,-7.485822278707499,70.64932518457881,36.67929381176701,0,32.25521325516139,Medium,0,,Minimal Risk,2.866747792514795,4.366747792514795,2.116747792514795,5.116747792514795,Within Safe Zone,False,False,0.0,-15.0,6.982618829822074,3.365871037307279,2.0,3.7041429052016155,0.08739511268682065,2.0,4.111080165377576,0.4943323728627811,"Engagement status: Above expected | Main barriers: geographic access barriers | Positive factors: Brownsea journey time, drive time to nearest NT site [Cerne Abbas Giant: 14Km; Clouds Hill: 19Km; Eggardon Hill Fort: 23Km; Hod Hill: 35Km; The Bakehouse: 37Km; Brownsea Island: 50Km]",
DT10,63.8,19.8,5.52,1.0573322065560646,6.316861628786194,6.678290263754837,20.72982443233776,19.77049326157541,70.35537962015745,9.874127118267136,22483.0,Dorset,South West,Unknown,12,Poole Quay, [Hod Hill: 14Km; Cerne Abbas Giant: 21Km; Fontmell and Melbury Downs SAC: 21Km; Stourhead Gardens: 28Km; Stourhead Park: 28Km; Brownsea Island: 45Km],75.0,3.3358537561713293,3.158486121509228,-0.17736763466210137,6.664146243828671,6.664146243828671,20.058292612804117,34.033243560448895,Medium Need,Low Visit Rate,High Priority,Targeted Support,Moderate Deprivation,Medium FSM,Low Visit Rate,Medium Need,Moderate Deprivation + Medium FSM + Low Visit Rate,1.0561559012256636,22.84963561415787,Moderate Over-performance,False,-2.6602424084056784,64.51668103101633,31.427612910440462,0,29.996332533401898,Medium,0,,Minimal Risk,2.408486121509228,3.908486121509228,1.658486121509228,4.6584861215092275,Within Safe Zone,False,False,0.0,-15.0,4.740136337298309,1.581650215789081,2.0,2.6136330347467958,-0.5448530867624322,2.0,2.874422397029915,-0.2840637244793127,"Engagement status: In line with expected | Main barriers: Brownsea journey time, deprivation level | Positive factors: geographic access barriers, wider access barriers",
DT11,46.3,14.0,5.9,1.9188341987509272,7.208059151491948,6.671149290517097,13.36536343313505,4.984326768921538,90.80902586681343,4.206647364265033,41791.0,Dorset,South West,Unknown,22,Poole Quay, [Hod Hill: 10Km; Badbury Rings: 12Km; White Mill: 15Km; Kingston Lacy: 15Km; Kingston Lacy Estate: 15Km; Brownsea Island: 27Km],288.0,6.8914359551099515,5.252526342229378,-1.6389096128805738,3.1085640448900485,3.1085640448900485,7.498637768185592,14.574738572400058,Low Need,Medium Visit Rate,Monitor,Sustain & Optimize,Moderate Deprivation,Low FSM,Medium Visit Rate,Low Need,Moderate Deprivation + Low FSM + Medium Visit Rate,1.312023111565197,52.61152353178888,Extreme Over-performance,True,-24.581129832590744,86.73483526750684,58.417087183214754,0,38.25391536126836,Medium,15,FragileOverperformance,Low Risk,4.502526342229378,6.002526342229378,3.7525263422293778,6.752526342229378,Severe Overperformance,False,True,0.0,-15.0,9.117489558860516,3.8649632166311383,2.0,5.034721812282377,-0.21780452994700106,2.0,5.469575945475306,0.21704960324592815,"Engagement status: Above expected | Main barriers: local income context, deprivation level | Positive factors: geographic access barriers, Brownsea journey time [Less typical visitor pattern]",
DT2,43.5,8.2,5.86,1.2312228274449053,6.914222177802209,7.2245265104192695,14.942159256101236,5.269601719054521,90.91749537754235,3.812902903403128,40022.0,Dorset,South West,Unknown,20,Sandbanks Jetty, [Cerne Abbas Giant: 9Km; Clouds Hill: 20Km; Eggardon Hill Fort: 25Km; Langdon Hill: 34Km; Hod Hill: 36Km; Brownsea Island: 51Km],188.0,4.697416420968467,5.463927200276437,0.7665107793079704,5.302583579031533,5.302583579031533,8.171368980168534,21.627709023212574,Low Need,Medium Visit Rate,Monitor,Sustain & Optimize,Moderate Deprivation,Low FSM,Medium Visit Rate,Low Need,Moderate Deprivation + Low FSM + Medium Visit Rate,0.8597143133112772,0.0,Stable,False,11.49648573427613,85.54476706798602,55.94431009659067,0,60.39858177444821,High,0,,Minimal Risk,4.713927200276437,6.213927200276437,3.963927200276437,6.963927200276437,Moderate Underperformance,False,False,0.5110071862053136,-15.0,9.162228769518444,3.698301569242007,2.0,4.979583768208179,-0.4843434320682585,2.0,5.469848644542554,0.005921444266117071,"Engagement status: Below expected | Main barriers: local income context, deprivation level | Positive factors: geographic access barriers, Brownsea journey time",
DT3,48.9,20.0,5.97,2.5690296372582675,6.385742075752375,6.305555555555555,26.035338719218974,22.85444558874013,48.78704657283442,28.35850783842545,34956.0,Dorset,South West,Unknown,19,Sandbanks Jetty, [Cerne Abbas Giant: 22Km; Eggardon Hill Fort: 27Km; Clouds Hill: 28Km; Langdon Hill: 37Km; Golden Cap: 37Km; Brownsea Island: 59Km],108.0,3.089598352214212,4.33732808724928,1.247729735035068,6.910401647785788,6.910401647785788,23.808713527883782,37.39730441287601,Medium Need,Low Visit Rate,High Priority,Targeted Support,Moderate Deprivation,High FSM,Low Visit Rate,Medium Need,Moderate Deprivation + High FSM + Low Visit Rate,0.7123275643585509,-17.143689091909053,Under-performing,False,18.714031800066085,57.882149161002125,48.86285802149876,0,46.87938097015014,Medium,0,,Minimal Risk,3.58732808724928,5.08732808724928,2.83732808724928,5.83732808724928,Moderate Underperformance,False,False,0.831819823356712,-15.0,6.4138313534741584,2.0765032662248784,2.0,3.3648678689766647,-0.9724602182726154,2.0,3.7807188027965566,-0.5566092844527235,"Engagement status: Below expected | Main barriers: FSM and poverty context, deprivation level | Positive factors: geographic access barriers, Brownsea journey time",
DT4,55.1,26.3,5.04,4.074545487371139,5.13529762227157,5.3655057863474696,26.167741791255956,47.62317427648089,31.25710881221903,21.119716911300078,55389.0,Dorset,South West,Unknown,32,Sandbanks Jetty, [Cerne Abbas Giant: 26Km; Eggardon Hill Fort: 31Km; Clouds Hill: 31Km; Corfe Castle: 39Km; Langdon Hill: 40Km; Brownsea Island: 53Km],81.0,1.46238422791529,2.9858516566825735,1.5234674287672834,8.53761577208471,8.53761577208471,41.18654453091341,54.44342848789351,High Need,Low Visit Rate,Urgent Action,Crisis Intervention,High Deprivation,High FSM,Low Visit Rate,High Need,High Deprivation + High FSM + Low Visit Rate,0.489771226458072,-31.0286041104872,Severe Under-performance,False,22.84967417845064,27.14059341781912,77.42490110289492,0,43.00057572806732,Medium,30,HighNeedLowVisits,Medium Risk,2.2358516566825735,3.7358516566825735,1.4858516566825735,4.4858516566825735,Severe Underperformance,True,False,1.0156449525115223,-15.0,3.7992227281456725,0.8133710714630991,2.0,1.8443481706755185,-1.141503486007055,2.0,2.168524479499192,-0.8173271771833814,"Engagement status: Below expected | Main barriers: Brownsea journey time, wider access barriers | Positive factors: local income context",
DT5,67.9,40.6,3.97,2.277811139468548,4.040834709503078,4.674748536255818,30.410000000000004,67.72256417955262,32.27743582044738,0.0,13322.0,Dorset,South West,Unknown,7,Sandbanks Jetty, [Cerne Abbas Giant: 36Km; Eggardon Hill Fort: 36Km; Clouds Hill: 41Km; Corfe Castle: 47Km; Spyway Dinosaur Footprints: 54Km; Brownsea Island: 61Km],26.0,1.9516589100735624,2.910665390690193,0.9590064806166305,8.048341089926438,8.048341089926438,56.52879492568684,63.7151797177601,High Need,Low Visit Rate,Urgent Action,Crisis Intervention,High Deprivation,High FSM,Low Visit Rate,High Need,High Deprivation + High FSM + Low Visit Rate,0.6705198461891129,-5.574914848037538,Stable,False,14.383625933403502,0.0,18.622010371964944,0,0.0,Low,40,HighNeedLowVisits;ExtremeDeprivation,Medium Risk,2.160665390690193,3.660665390690193,1.410665390690193,4.410665390690193,Moderate Underperformance,False,False,0.6393376537444203,-15.0,2.7186849762309,-0.1919804144592927,2.0,1.4422286776439581,-1.4684367130462348,2.0,1.7501384901048882,-1.1605269005853047,"Engagement status: Below expected | Main barriers: Brownsea journey time, wider access barriers | Positive factors: geographic access barriers, local income context",
DT6,67.6,14.4,5.57,2.1351754138639385,6.2492044951061345,6.247553067225199,18.533768546138734,26.805494018608773,58.9841704595803,14.210335521810933,24827.0,Dorset,South West,Unknown,14,Sandbanks Jetty, [Langdon Hill: 7Km; Golden Cap: 7Km; Eggardon Hill Fort: 11Km; Pilsdon Pen: 14Km; Lambert's Castle: 20Km; Brownsea Island: 77Km],74.0,2.9806259314456036,2.449682837015,-0.5309430944306035,7.019374068554397,7.019374068554397,24.323976376867762,38.084905669470615,Medium Need,Low Visit Rate,High Priority,Targeted Support,Moderate Deprivation,Medium FSM,Low Visit Rate,Medium Need,Moderate Deprivation + Medium FSM + Low Visit Rate,1.2167395249735966,41.52835495866067,Significant Over-performance,False,-7.963331861222772,56.97064406052838,34.70414738813794,0,23.480982301123788,Low,0,,Minimal Risk,1.6996828370150001,3.199682837015,0.9496828370150001,3.949682837015,Within Safe Zone,False,False,0.0,-15.0,4.066081250776773,1.616398413761773,2.0,2.210012533028235,-0.23967030398676492,2.0,2.5028529912896107,0.05317015427461058,"Engagement status: Above expected | Main barriers: Brownsea journey time, deprivation level | Positive factors: geographic access barriers, drive time to nearest NT site [Langdon Hill: 7Km; Golden Cap: 7Km; Eggardon Hill Fort: 11Km; Pilsdon Pen: 14Km; Lambert's Castle: 20Km; Brownsea Island: 77Km]",
DT7,80.5,9.6,5.99,2.2912200102092903,5.878126595201634,6.515569167942828,21.64,26.301684532924963,54.338948443083204,19.359367023991833,7836.0,Dorset,South West,Unknown,4,Sandbanks Jetty, [Langdon Hill: 6Km; Golden Cap: 8Km; Lambert's Castle: 11Km; Shute Barton: 16Km; Pilsdon Pen: 17Km; Brownsea Island: 87Km],12.0,1.5313935681470139,1.1897034039616452,-0.3416901641853687,8.468606431852987,8.468606431852987,24.903179173047473,42.83804471669218,Medium Need,Low Visit Rate,High Priority,Targeted Support,Moderate Deprivation,Medium FSM,Low Visit Rate,Medium Need,Moderate Deprivation + Medium FSM + Low Visit Rate,1.2872061751252957,49.724874321039266,Significant Over-performance,False,-5.12482825309527,55.946028558037774,10.953465941654203,0,15.838314974744156,Low,15,SmallPopulation,Low Risk,0.4397034039616452,1.9397034039616452,-0.3102965960383548,2.689703403961645,Within Safe Zone,False,False,0.0,-15.0,2.7003515815822925,1.5106481776206473,2.0,1.1730370965248877,-0.016666307436757455,2.0,1.3756507762101078,0.18594737224846258,"Engagement status: Above expected | Main barriers: Brownsea journey time, wider access barriers | Positive factors: geographic access barriers, drive time to nearest NT site [Langdon Hill: 6Km; Golden Cap: 8Km; Lambert's Castle: 11Km; Shute Barton: 16Km; Pilsdon Pen: 17Km; Brownsea Island: 87Km]",
DT8,71.5,8.9,4.75,1.5651625560538116,7.083450112107624,6.524173206278027,20.86885917030568,24.110145739910312,75.88985426008968,0.0,14272.0,Dorset,South West,Unknown,8,Sandbanks Jetty, [Pilsdon Pen: 8Km; Lambert's Castle: 14Km; Langdon Hill: 17Km; Eggardon Hill Fort: 17Km; Golden Cap: 17Km; Brownsea Island: 85Km],26.0,1.8217488789237668,2.478292536260195,0.6565436573364283,8.178251121076233,8.178251121076233,23.13775976902892,40.73118520154894,Medium Need,Low Visit Rate,High Priority,Targeted Support,Moderate Deprivation,Medium FSM,Low Visit Rate,Medium Need,Moderate Deprivation + Medium FSM + Low Visit Rate,0.7350822601728976,-14.496914987764553,Under-performing,False,9.847147612604013,59.06907302827526,19.9499573659123,0,30.838395141076123,Medium,0,,Minimal Risk,1.728292536260195,3.228292536260195,0.9782925362601951,3.978292536260195,Within Safe Zone,False,False,0.43769577155761885,-15.0,3.624135490815101,1.1458429545549058,2.0,1.8726407960870544,-0.6056517401731407,2.0,2.1282073347046424,-0.35008520155555267,"Engagement status: Below expected | Main barriers: Brownsea journey time, deprivation level | Positive factors: geographic access barriers, drive time to nearest NT site [Pilsdon Pen: 8Km; Lambert's Castle: 14Km; Langdon Hill: 17Km; Eggardon Hill Fort: 17Km; Golden Cap: 17Km; Brownsea Island: 85Km]",
DT9,61.5,14.8,6.17,1.6935379417147685,7.749176404336196,7.0963536533858935,13.68240152669607,4.065887653104322,77.33070533577362,18.603407011122062,35515.0,Dorset,South West,Unknown,20,Sandbanks Jetty, [Cerne Abbas Giant: 16Km; Montacute House: 17Km; Stoke-sub-Hamdon Priory: 22Km; Tintinhull Garden: 22Km; Treasurer's House: 23Km; Brownsea Island: 71Km],89.0,2.50598338730114,3.5945596598099296,1.0885762725087895,7.49401661269886,7.49401661269886,6.950841815181846,27.34763910872387,Low Need,Low Visit Rate,Growth Opportunity,Growth & Awareness,Moderate Deprivation,Low FSM,Low Visit Rate,Low Need,Moderate Deprivation + Low FSM + Low Visit Rate,0.6971600486479753,-18.907939782601456,Under-performing,False,16.326974030120663,87.70389175230169,49.64424998951621,0,62.42656737141633,High,0,,Minimal Risk,2.8445596598099296,4.34455965980993,2.0945596598099296,5.09455965980993,Moderate Underperformance,False,False,0.7257175150058597,-15.0,5.513807716907928,1.919248057097998,2.0,2.7186598715680055,-0.8758997882419242,2.0,3.02313036495532,-0.5714292948546098,"Engagement status: Below expected | Main barriers: Brownsea journey time, local income context | Positive factors: geographic access barriers, wider access barriers",
SP1,73.4,6.7,6.65,5.77262214512865,9.343271176640648,6.565228389708008,10.316074103896755,22.860653368025442,33.3188782885227,43.820468343451864,27672.0,Wiltshire,South West,Unknown,17,Poole Quay, [Mompesson House: 3Km; The Avenue: 15Km; Stonehenge Landscape: 16Km; Walled Garden: 26Km; Mottisfont Abbey: 27Km; Brownsea Island: 65Km],62.0,2.2405319456490314,2.1043862604779515,-0.13614568517107983,7.759468054350968,7.759468054350968,19.097279588786833,36.64649987520369,Medium Need,Low Visit Rate,High Priority,Targeted Support,Low Deprivation,Low FSM,Low Visit Rate,Medium Need,Low Deprivation + Low FSM + Low Visit Rate,1.0646961481017074,-12.441019879956327,Under-performing,False,-2.0419764073842206,66.21672262093637,38.680999175275026,0,34.09046070756008,Medium,0,,Minimal Risk,1.3543862604779515,2.8543862604779515,0.6043862604779515,3.6043862604779515,Within Safe Zone,False,False,0.0,-15.0,2.883807063521726,0.7794208030437746,2.0,1.4078621044441995,-0.6965241560337521,2.0,1.5683757024997582,-0.5360105579781933,"Engagement status: In line with expected | Main barriers: Brownsea journey time, geographic access barriers | Positive factors: wider access barriers, drive time to nearest NT site [Mompesson House: 3Km; The Avenue: 15Km; Stonehenge Landscape: 16Km; Walled Garden: 26Km; Mottisfont Abbey: 27Km; Brownsea Island: 65Km]",
SP10,93.3,21.0,6.8,4.193221092628899,7.715827556238252,6.2075914061078885,29.9929334773793,27.53602684075429,24.31432786951513,48.14964528973058,49477.0,Test Valley,South East,Unknown,31,Poole Quay," [Outward Hound, NW Hants: 23Km; Family Amble, NW Hants: 23Km; Sandham Memorial Chapel: 23Km; Mottisfont Abbey: 24Km; Walled Garden: 24Km; Brownsea Island: 85Km]",40.0,0.8084564545142188,0.623480716125777,-0.18497573838844172,9.191543545485782,9.191543545485782,28.27309883174179,47.36579981867659,High Need,Low Visit Rate,Urgent Action,Crisis Intervention,Low Deprivation,High FSM,Low Visit Rate,High Need,Low Deprivation + High FSM + Low Visit Rate,1.296682373013644,6.637171857098623,Stable,False,-2.774352292201093,49.98460719194561,69.16087728371937,0,35.91461865636361,Medium,30,HighNeedLowVisits,Medium Risk,-0.12651928387422295,1.3734807161257772,-0.876519283874223,2.123480716125777,Within Safe Zone,False,False,0.0,-15.0,1.3925688984039268,0.7690881822781498,2.0,0.45300095618314096,-0.1704797599426361,2.0,0.590929368271016,-0.03255134785476099,"Engagement status: Above expected | Main barriers: Brownsea journey time, geographic access barriers | Positive factors: wider access barriers, deprivation level",
SP11,96.5,17.8,6.68,2.1073551732861118,7.795345307361497,7.195389577536049,17.19249737375416,12.076271186440678,53.876802428535285,34.04692638502404,63248.0,Test Valley,South East,Unknown,35,Poole Quay," [Outward Hound, NW Hants: 20Km; Family Amble, NW Hants: 20Km; Sandham Memorial Chapel: 21Km; Walled Garden: 26Km; Mottisfont Abbey: 27Km; Brownsea Island: 88Km]",41.0,0.6482418416392614,0.8684612237345206,0.22021938209525926,9.351758158360738,9.351758158360738,13.611139042634722,37.58307180492652,Low Need,Low Visit Rate,Growth Opportunity,Growth & Awareness,Moderate Deprivation,Medium FSM,Low Visit Rate,Low Need,Moderate Deprivation + Medium FSM + Low Visit Rate,0.7464257746036362,-13.177463368185494,Under-performing,False,3.3029528781773863,75.92175976769357,88.41051734019206,0,61.787566301374675,High,0,,Minimal Risk,0.11846122373452062,1.6184612237345206,-0.6315387762654794,2.3684612237345206,Within Safe Zone,False,False,0.14681292139683952,-15.0,1.6280031935300705,0.7595419697955499,2.0,0.5171678077445284,-0.3512934159899922,2.0,0.635340640460435,-0.23312058327408558,"Engagement status: Below expected | Main barriers: Brownsea journey time, local income context | Positive factors: geographic access barriers, wider access barriers",
SP2,73.6,3.9,6.09,3.9887738993159094,9.050542511338863,6.170772045004636,20.388470235664393,17.097251108828022,61.51552359235222,21.387225298819757,39907.0,Wiltshire,South West,Unknown,23,Poole Quay, [Mompesson House: 2Km; Stonehenge Landscape: 15Km; The Avenue: 16Km; Walled Garden: 28Km; Mottisfont Abbey: 29Km; Brownsea Island: 67Km],71.0,1.7791364923447015,2.3265866243416746,0.5474501319969731,8.220863507655299,8.220863507655299,18.084616846878934,37.32182231578115,Medium Need,Low Visit Rate,High Priority,Targeted Support,Moderate Deprivation,Medium FSM,Low Visit Rate,Medium Need,Moderate Deprivation + Medium FSM + Low Visit Rate,0.7646981521043179,-11.052062264846441,Under-performing,False,8.210912100170306,68.00813307509367,55.78355861837599,0,48.2819819320336,Medium,0,,Minimal Risk,1.5765866243416746,3.0765866243416746,0.8265866243416746,3.8265866243416746,Within Safe Zone,False,False,0.36496675466464873,-15.0,3.1896090729755113,0.8630224486338367,2.0,1.5595316235368781,-0.7670550008047965,2.0,1.8257960425864408,-0.5007905817552338,"Engagement status: Below expected | Main barriers: Brownsea journey time, geographic access barriers | Positive factors: wider access barriers, drive time to nearest NT site [Mompesson House: 2Km; Stonehenge Landscape: 15Km; The Avenue: 16Km; Walled Garden: 28Km; Mottisfont Abbey: 29Km; Brownsea Island: 67Km]",
SP3,86.7,19.3,5.72,2.049932401982875,7.9040108156827396,7.258044164037855,13.196530735058342,0.0,100.0,0.0,22190.0,Wiltshire,South West,Unknown,13,Poole Quay, [Mompesson House: 17Km; Stonehenge Landscape: 19Km; The Avenue: 20Km; Cley Hill: 27Km; Fontmell and Melbury Downs SAC: 36Km; Brownsea Island: 74Km],30.0,1.3519603424966202,1.5314766282977235,0.17951628580110324,8.64803965750338,8.64803965750338,3.9589592205175026,28.71539042687239,Low Need,Low Visit Rate,Growth Opportunity,Growth & Awareness,Moderate Deprivation,Low FSM,Low Visit Rate,Low Need,Moderate Deprivation + Low FSM + Low Visit Rate,0.8827822230623001,2.6832064319337157,Stable,False,2.6924688791015936,92.99656179523731,31.018046100728274,0,49.43282820079096,Medium,0,,Minimal Risk,0.7814766282977235,2.2814766282977237,0.031476628297723463,3.0314766282977237,Within Safe Zone,False,False,0.11967752386740216,-15.0,2.2594279273788547,0.7279512990811312,2.0,0.9627566202493911,-0.5687200080483323,2.0,1.1174166935413192,-0.41405993475640424,"Engagement status: Below expected | Main barriers: Brownsea journey time, local income context | Positive factors: geographic access barriers, wider access barriers",
SP4,86.7,7.8,7.12,2.1894493853229067,7.576293327129896,7.308626952740547,13.25605689782593,4.883417139380492,56.07071918114632,39.045863679473186,55883.0,Wiltshire,South West,Unknown,32,Poole Quay, [The Avenue: 5Km; Stonehenge Landscape: 5Km; Mompesson House: 13Km; Walled Garden: 30Km; Mottisfont Abbey: 31Km; Brownsea Island: 76Km],55.0,0.9841991303258593,1.9554782648466273,0.9712791345207681,9.015800869674141,9.015800869674141,7.395209066914123,32.22404895586231,Low Need,Low Visit Rate,Growth Opportunity,Growth & Awareness,Low Deprivation,Low FSM,Low Visit Rate,Low Need,Low Deprivation + Low FSM + Low Visit Rate,0.5033035385862764,-58.60908804075654,Severe Under-performance,False,14.567696913668133,86.91780166791824,78.11543353974754,0,71.53347019449492,High,0,,Minimal Risk,1.2054782648466273,2.7054782648466276,0.45547826484662735,3.4554782648466276,Moderate Underperformance,False,False,0.6475194230138454,-15.0,2.3299800880810984,0.374501823234471,2.0,0.9858053735489793,-0.969672891297648,2.0,1.1490128112090485,-0.8064654536375788,"Engagement status: Below expected | Main barriers: Brownsea journey time, local income context | Positive factors: geographic access barriers, wider access barriers",
SP5,71.0,16.3,6.65,1.670194282103933,8.761107475686531,8.07423787711262,12.834993355706077,4.934900828124648,64.92091071146513,30.144188460410227,44317.0,Wiltshire,South West,Unknown,26,Poole Quay, [Mompesson House: 10Km; Blackhill Common: 23Km; Foxbury: 27Km; Mottisfont Abbey: 32Km; Walled Garden: 32Km; Brownsea Island: 51Km],78.0,1.7600469345849221,2.8917831937739678,1.1317362591890456,8.239953065415078,8.239953065415078,7.304928586399076,29.833309206724586,Low Need,Low Visit Rate,Growth Opportunity,Growth & Awareness,Moderate Deprivation,Low FSM,Low Visit Rate,Low Need,Moderate Deprivation + Low FSM + Low Visit Rate,0.608637237526768,-29.204710436593796,Severe Under-performance,False,16.974307615708444,87.07750873514607,61.94802834817372,0,67.12684547302162,High,0,,Minimal Risk,2.1417831937739678,3.6417831937739678,1.3917831937739678,4.391783193773968,Moderate Underperformance,False,False,0.7544908394593638,-15.0,3.9590265292610547,1.067243335487087,2.0,1.9476855256506955,-0.9440976681232722,2.0,2.191278331993791,-0.7005048617801766,"Engagement status: Below expected | Main barriers: Brownsea journey time, local income context | Positive factors: geographic access barriers, wider access barriers",
SP6,58.7,25.1,6.74,1.546794475365904,8.03061224489796,7.505308183879612,14.596461715382265,11.270871985157699,56.519274376417236,32.209853638425066,19404.0,New Forest,South East,Unknown,12,Poole Quay, [Mompesson House: 20Km; Blackhill Common: 21Km; Foxbury: 28Km; Kingston Lacy Estate: 30Km; Badbury Rings: 32Km; Brownsea Island: 40Km],53.0,2.7313955885384456,4.237434530453288,1.5060389419148423,7.2686044114615544,7.2686044114615544,12.268548904225067,30.39379746734221,Low Need,Low Visit Rate,Growth Opportunity,Growth & Awareness,Moderate Deprivation,Low FSM,Low Visit Rate,Low Need,Moderate Deprivation + Low FSM + Low Visit Rate,0.6445870889352152,-25.023106053390876,Severe Under-performance,False,22.588273613868882,78.29681506504183,27.123666811110027,0,52.77031232482484,High,0,,Minimal Risk,3.487434530453288,4.987434530453288,2.737434530453288,5.737434530453288,Severe Underperformance,True,False,1.0040259612765616,-15.0,5.843714167191886,1.6062796367385985,2.0,2.9353986922631456,-1.3020358381901422,2.0,3.257900391254619,-0.9795341391986687,"Engagement status: Below expected | Main barriers: Brownsea journey time, local income context | Positive factors: geographic access barriers, wider access barriers",
SP7,57.9,8.5,6.08,1.9878503822351656,7.534310156534401,7.302056789224609,14.875522470353719,9.13269020749909,62.49089916272297,28.376410629777936,21976.0,Dorset,South West,Unknown,12,Poole Quay, [Fontmell and Melbury Downs SAC: 6Km; Hod Hill: 14Km; Stourhead Gardens: 25Km; Stourhead Park: 25Km; King Alfred's Tower: 29Km; Brownsea Island: 43Km],101.0,4.595922824899891,3.4900524338573735,-1.1058703910425178,5.404077175100109,5.404077175100109,10.855539886355478,23.81110944574916,Low Need,Medium Visit Rate,Monitor,Sustain & Optimize,Moderate Deprivation,Low FSM,Medium Visit Rate,Low Need,Moderate Deprivation + Low FSM + Medium Visit Rate,1.316863546322213,53.17455181712385,Extreme Over-performance,True,-16.586359276065135,80.79644205996917,30.71890856735487,0,29.74818653475958,Medium,15,FragileOverperformance,Low Risk,2.7400524338573735,4.2400524338573735,1.9900524338573735,4.9900524338573735,Moderate Overperformance,False,False,0.0,-15.0,6.359751887262313,2.869699453404939,2.0,3.3097548730911974,-0.1802975607661761,2.0,3.6461839060793295,0.156131472221956,"Engagement status: Above expected | Main barriers: Brownsea journey time, local income context | Positive factors: geographic access barriers, wider access barriers [Less typical visitor pattern]",
SP8,70.1,17.9,6.49,2.5045800038978756,7.590203339180147,6.797700253361918,15.2271743697479,27.79185343987527,25.440135126356132,46.7680114337686,15393.0,Dorset,South West,Unknown,8,Poole Quay, [Stourhead Gardens: 13Km; Stourhead Park: 13Km; Fontmell and Melbury Downs SAC: 14Km; King Alfred's Tower: 17Km; Hod Hill: 22Km; Brownsea Island: 52Km],71.0,4.612486195023712,2.58324427784459,-2.0292419171791223,5.387513804976288,5.387513804976288,24.022449718837056,32.978256218114794,Medium Need,Medium Visit Rate,Monitor,Sustain & Optimize,Low Deprivation,Medium FSM,Medium Visit Rate,Medium Need,Low Deprivation + Medium FSM + Medium Visit Rate,1.7855400801941514,46.84008077234647,Significant Over-performance,False,-30.435515562230187,57.50404771512086,21.51693481877018,0,4.030973149385455,Low,25,UnderperformingPrediction,Low Risk,1.83324427784459,3.33324427784459,1.08324427784459,4.0832442778445905,Severe Overperformance,False,True,0.0,-15.0,3.885774401058521,1.302530123213931,2.0,2.334412252063036,-0.24883202578155394,2.0,2.5264363275872346,-0.05680795025735552,"Engagement status: Above expected | Main barriers: Brownsea journey time, local income context | Positive factors: geographic access barriers, wider access barriers",
SP9,97.1,15.1,6.53,2.3077117572692796,6.2765486725663715,7.0878002528445005,9.641635165037801,10.233881163084703,51.22629582806574,38.53982300884955,15820.0,Wiltshire,South West,Unknown,9,Poole Quay, [The Avenue: 17Km; Stonehenge Landscape: 18Km; Walled Garden: 28Km; Mottisfont Abbey: 28Km; Mompesson House: 34Km; Brownsea Island: 89Km],10.0,0.6321112515802781,0.7960791115951187,0.16396786001484054,9.367888748419722,9.367888748419722,10.056207363670632,35.14301139982861,Low Need,Low Visit Rate,Growth Opportunity,Growth & Awareness,Low Deprivation,Low FSM,Low Visit Rate,Low Need,Low Deprivation + Low FSM + Low Visit Rate,0.7940306966649394,-34.7001319503709,Severe Under-performance,False,2.459266346185353,82.21046923627048,22.113812046575994,0,39.845193402014154,Medium,0,,Minimal Risk,0.04607911159511868,1.5460791115951187,-0.7039208884048813,2.2960791115951187,Within Safe Zone,False,False,0.10931190667656036,-15.0,1.4485658494995926,0.6524867379044739,2.0,0.4165660963382199,-0.3795130152568988,2.0,0.5240394944288028,-0.27203961716631586,"Engagement status: Below expected | Main barriers: Brownsea journey time, local income context | Positive factors: geographic access barriers, drive time to nearest NT site [The Avenue: 17Km; Stonehenge Landscape: 18Km; Walled Garden: 28Km; Mottisfont Abbey: 28Km; Mompesson House: 34Km; Brownsea Island: 89Km]",
